en,vi,zh,zh-hant,hi,es,ar,fr,bn,pt,ru,id,ur,de,ja,yo,mr,sw,te,tr,ta,ko,fa,th,it,gu,pl,uk,ml,pa,ro,nl,ha,my,az,am,zu,or,he,sv,hu,fi,no,el,cs,da,sr,bg,sk
Click original link to view message,Nhấp vào liên kết gốc để xem tin nhắn,单击原始链接查看消息,點擊原始連結查看訊息,संदेश देखने के लिए मूल लिंक पर क्लिक करें,Haga clic en el enlace original para ver el mensaje.,انقر على الرابط الأصلي لعرض الرسالة,Cliquez sur le lien d'origine pour afficher le message,বার্তা দেখতে মূল লিঙ্কে ক্লিক করুন,Clique no link original para ver a mensagem,"Нажмите на исходную ссылку, чтобы просмотреть сообщение.",Klik tautan asli untuk melihat pesan,پیغام دیکھنے کے لیے اصل لنک پر کلک کریں۔,"Klicken Sie auf den ursprünglichen Link, um die Nachricht anzuzeigen",メッセージを表示するには元のリンクをクリックしてください,Tẹ ọna asopọ atilẹba lati wo ifiranṣẹ,संदेश पाहण्यासाठी मूळ लिंकवर क्लिक करा,Bofya kiungo asili ili kuona ujumbe,సందేశాన్ని వీక్షించడానికి ఒరిజినల్ లింక్‌ని క్లిక్ చేయండి,Mesajı görüntülemek için orijinal bağlantıya tıklayın,செய்தியைப் பார்க்க அசல் இணைப்பைக் கிளிக் செய்யவும்,메시지를 보려면 원본 링크를 클릭하세요,برای مشاهده پیام روی لینک اصلی کلیک کنید,คลิกลิงก์ต้นฉบับเพื่อดูข้อความ,Fare clic sul collegamento originale per visualizzare il messaggio,સંદેશ જોવા માટે મૂળ લિંક પર ક્લિક કરો,"Kliknij oryginalny link, aby wyświetlić wiadomość","Натисніть оригінальне посилання, щоб переглянути повідомлення",സന്ദേശം കാണുന്നതിന് യഥാർത്ഥ ലിങ്കിൽ ക്ലിക്ക് ചെയ്യുക,ਸੁਨੇਹਾ ਦੇਖਣ ਲਈ ਮੂਲ ਲਿੰਕ 'ਤੇ ਕਲਿੱਕ ਕਰੋ,Faceți clic pe linkul original pentru a vizualiza mesajul,Klik op de originele link om het bericht te bekijken,Danna mahaɗin asali don duba saƙo,မက်ဆေ့ချ်ကြည့်ရှုရန် မူရင်းလင့်ခ်ကို နှိပ်ပါ။,Mesaja baxmaq üçün orijinal linkə klikləyin,መልእክት ለማየት ዋናውን ሊንክ ይጫኑ,Chofoza isixhumanisi sangempela ukuze ubuke umlayezo,ବାର୍ତ୍ତା ଦେଖିବାକୁ ମୂଳ ଲିଙ୍କ କ୍ଲିକ୍ କରନ୍ତୁ |,לחץ על הקישור המקורי כדי לצפות בהודעה,Klicka på originallänken för att se meddelandet,Az üzenet megtekintéséhez kattintson az eredeti linkre,Napsauta alkuperäistä linkkiä nähdäksesi viestin,Klikk på den opprinnelige lenken for å se meldingen,Κάντε κλικ στον αρχικό σύνδεσμο για να δείτε το μήνυμα,Kliknutím na původní odkaz zobrazíte zprávu,Klik på det originale link for at se beskeden,Кликните на оригиналну везу да видите поруку,"Щракнете върху оригиналната връзка, за да видите съобщението",Kliknutím na pôvodný odkaz zobrazíte správu
Unsubscribe,Hủy đăng ký,取消订阅,取消訂閱,सदस्यता रद्द,Darse de baja,إلغاء الاشتراك,Se désabonner,সদস্যতা ত্যাগ করুন,Cancelar inscrição,Отписаться,Berhenti berlangganan,ان سبسکرائب کریں۔,Abbestellen,購読解除,Yọọ alabapin,सदस्यत्व रद्द करा,Jiondoe,చందాను తీసివేయండి,Aboneliği iptal et,குழுவிலகவும்,구독 취소,لغو اشتراک,ยกเลิกการสมัคร,Annulla iscrizione,અનસબ્સ્ક્રાઇબ કરો,Anuluj subskrypcję,Відписатися,അൺസബ്സ്ക്രൈബ് ചെയ്യുക,ਗਾਹਕੀ ਰੱਦ ਕਰੋ,Dezabonați-vă,Uitschrijven,Cire rajista,စာရင်းမှဖြုတ်ပါ။,Abunəni ləğv edin,ከደንበኝነት ምዝገባ ይውጡ,Zikhiphe ohlwini,ସଦସ୍ୟତା ରଦ୍ଦ କରନ୍ତୁ |,בטל את המנוי,Avsluta prenumeration,Leiratkozás,Peruuta tilaus,Avslutt abonnementet,Απεγγραφή,Odhlásit odběr,Afmeld,Откажи претплату,Отписване,Zrušte odber
Resubscribe,Đăng ký lại,重新订阅,重新訂閱,पुन: सदस्यता,Volver a suscribirse,إعادة الاشتراك,Se réabonner,পুনরায় সদস্যতা,Reinscrever-se,Подписаться повторно,Berlangganan lagi,دوبارہ سبسکرائب کریں۔,Erneut abonnieren,再登録,Ṣe alabapin,पुन्हा सदस्यता घ्या,Jisajili upya,మళ్లీ సభ్యత్వం పొందండి,Yeniden abone ol,மீண்டும் குழுசேர்,다시 구독하기,دوباره اشتراک کنید,สมัครสมาชิกอีกครั้ง,Ri-iscriviti,ફરી સબ્સ્ક્રાઇબ કરો,Subskrybuj ponownie,Відновити підписку,വീണ്ടും സബ്‌സ്‌ക്രൈബ് ചെയ്യുക,ਮੁੜ ਗਾਹਕ ਬਣੋ,Reabonați-vă,Opnieuw abonneren,Sake yin rajista,ပြန်လည်စာရင်းသွင်းပါ။,Yenidən abunə olun,እንደገና ይመዝገቡ,Phinda ubhalise,ପୁନ ub ସଦସ୍ୟତା କରନ୍ତୁ |,הירשם מחדש,Prenumerera igen,Újra feliratkozás,Tilaa uudelleen,Abonner på nytt,Εγγραφείτε ξανά,Znovu se přihlásit k odběru,Gentilmeld,Претплатите се поново,Абонирайте се отново,Znova sa prihláste na odber
Change email address,Thay đổi địa chỉ email,更改电子邮件地址,更改電子郵件地址,ईमेल पता बदलें,Cambiar dirección de correo electrónico,تغيير عنوان البريد الإلكتروني,Changer d'adresse e-mail,ইমেল ঠিকানা পরিবর্তন করুন,Alterar endereço de e-mail,Изменить адрес электронной почты,Ubah alamat email,ای میل ایڈریس تبدیل کریں۔,E-Mail-Adresse ändern,メールアドレスを変更する,Yi adirẹsi imeeli pada,ईमेल पत्ता बदला,Badilisha anwani ya barua pepe,ఇమెయిల్ చిరునామాను మార్చండి,E-posta adresini değiştir,மின்னஞ்சல் முகவரியை மாற்றவும்,이메일 주소 변경,آدرس ایمیل را تغییر دهید,เปลี่ยนที่อยู่อีเมล,Cambia indirizzo email,ઇમેઇલ સરનામું બદલો,Zmień adres e-mail,Змінити електронну адресу,ഇമെയിൽ വിലാസം മാറ്റുക,ਈਮੇਲ ਪਤਾ ਬਦਲੋ,Schimbați adresa de e-mail,E-mailadres wijzigen,Canja adireshin imel,အီးမေးလ်လိပ်စာပြောင်းပါ။,E-poçt ünvanını dəyişdirin,የኢሜል አድራሻ ቀይር,Shintsha ikheli le-imeyili,ଇମେଲ ଠିକଣା ପରିବର୍ତ୍ତନ କରନ୍ତୁ |,שנה כתובת אימייל,Ändra e-postadress,E-mail cím módosítása,Vaihda sähköpostiosoite,Endre e-postadresse,Αλλαγή διεύθυνσης email,Změňte e-mailovou adresu,Skift e-mailadresse,Промените адресу е-поште,Променете имейл адреса,Zmeňte e-mailovú adresu
Created with,Được tạo bằng,创建于,創建於,के साथ बनाया गया,Creado con,تم إنشاؤه باستخدام,Créé avec,দিয়ে তৈরি,Criado com,Создано с помощью,Dibuat dengan,کے ساتھ تخلیق کیا گیا۔,Erstellt mit,作成者,Ti a ṣẹda pẹlu,सह तयार केले,Imeundwa na,తో రూపొందించబడింది,İle oluşturuldu,கொண்டு உருவாக்கப்பட்டது,로 생성됨,ایجاد شده با,สร้างด้วย,Creato con,સાથે બનાવેલ છે,Stworzone z,Створено за допомогою,ഉപയോഗിച്ച് സൃഷ്ടിച്ചത്,ਨਾਲ ਬਣਾਇਆ ਗਿਆ,Creat cu,Gemaakt met,An halicce shi da,ဖြင့် ဖန်တီးထားသည်။,ilə yaradılmışdır,ጋር የተፈጠረ,Idalwe nge,ସହିତ ସୃଷ୍ଟି |,נוצר עם,Skapad med,Létrehozva,Luotu kanssa,Laget med,Δημιουργήθηκε με,Vytvořeno s,Skabt med,Цреатед витх,Създаден с,Vytvorené s
Previously opened,Đã mở trước đó,之前开过,之前開過,पहले खोला गया,Previamente abierto,تم افتتاحه سابقا,Ouvert précédemment,আগে খোলা,Aberto anteriormente,Ранее открыто,Sebelumnya dibuka,پہلے کھولا گیا۔,Zuvor geöffnet,以前開いた,Ti ṣii tẹlẹ,पूर्वी उघडलेले,Ilifunguliwa hapo awali,గతంలో తెరవబడింది,Daha önce açılmış,முன்பு திறக்கப்பட்டது,이전에 열림,قبلا باز شده است,เปิดก่อนหน้านี้,Precedentemente aperto,અગાઉ ખોલવામાં આવ્યું હતું,Wcześniej otwarte,Раніше відкрито,മുമ്പ് തുറന്നത്,ਪਹਿਲਾਂ ਖੋਲ੍ਹਿਆ ਗਿਆ,Deschis anterior,Eerder geopend,An buɗe a baya,အရင်က ဖွင့်တယ်။,Əvvəllər açılıb,ከዚህ ቀደም ተከፍቷል።,Kuvulwe ngaphambilini,ପୂର୍ବରୁ ଖୋଲା ଯାଇଥିଲା |,נפתח בעבר,Tidigare öppnad,Korábban nyitott,Aiemmin avattu,Tidligere åpnet,Ανοίχτηκε προηγουμένως,Dříve otevřeno,Tidligere åbnet,Раније отворен,Отворен преди това,Predtým otvorené
Download interrupted (check your internet connection),Tải xuống bị gián đoạn (hãy kiểm tra kết nối internet của bạn),下载中断（请检查您的互联网连接）,下載中斷（請檢查您的網路連線）,डाउनलोड बाधित (अपना इंटरनेट कनेक्शन जांचें),Descarga interrumpida (verifique su conexión a Internet),تمت مقاطعة التنزيل (تحقق من اتصالك بالإنترنت),Téléchargement interrompu (vérifiez votre connexion Internet),ডাউনলোড ব্যাহত (আপনার ইন্টারনেট সংযোগ পরীক্ষা করুন),Download interrompido (verifique sua conexão com a internet),Загрузка прервана (проверьте подключение к Интернету),Unduhan terputus (periksa koneksi internet Anda),ڈاؤن لوڈ میں خلل پڑا (اپنا انٹرنیٹ کنکشن چیک کریں),Download unterbrochen (überprüfen Sie Ihre Internetverbindung),ダウンロードが中断されました（インターネット接続を確認してください）,Ṣe igbasilẹ idilọwọ (ṣayẹwo asopọ intanẹẹti rẹ),डाउनलोड व्यत्यय आला (तुमचे इंटरनेट कनेक्शन तपासा),Upakuaji umekatizwa (angalia muunganisho wako wa mtandao),డౌన్‌లోడ్ అంతరాయం కలిగింది (మీ ఇంటర్నెట్ కనెక్షన్‌ని తనిఖీ చేయండి),İndirme kesintiye uğradı (İnternet bağlantınızı kontrol edin),பதிவிறக்கம் தடைபட்டது (உங்கள் இணைய இணைப்பைச் சரிபார்க்கவும்),다운로드가 중단되었습니다(인터넷 연결을 확인하세요),دانلود قطع شد (اتصال اینترنت خود را بررسی کنید),การดาวน์โหลดหยุดชะงัก (ตรวจสอบการเชื่อมต่ออินเทอร์เน็ตของคุณ),Download interrotto (controlla la tua connessione internet),વિક્ષેપિત ડાઉનલોડ કરો (તમારું ઇન્ટરનેટ કનેક્શન તપાસો),Pobieranie przerwane (sprawdź połączenie internetowe),Завантаження перервано (перевірте підключення до Інтернету),ഡൗൺലോഡ് തടസ്സപ്പെട്ടു (നിങ്ങളുടെ ഇൻ്റർനെറ്റ് കണക്ഷൻ പരിശോധിക്കുക),ਡਾਉਨਲੋਡ ਵਿੱਚ ਰੁਕਾਵਟ ਆਈ (ਆਪਣੇ ਇੰਟਰਨੈਟ ਕਨੈਕਸ਼ਨ ਦੀ ਜਾਂਚ ਕਰੋ),Descărcarea întreruptă (verificați-vă conexiunea la internet),Download onderbroken (controleer uw internetverbinding),An katse saukewa (duba haɗin intanet ɗin ku),ဒေါင်းလုဒ်ပြတ်တောက်နေသည် (သင်၏အင်တာနက်ချိတ်ဆက်မှုကို စစ်ဆေးပါ),Endirmə dayandırıldı (internet bağlantınızı yoxlayın),ማውረድ ተቋርጧል (የበይነመረብ ግንኙነትዎን ያረጋግጡ),Ukulanda kuphazamisekile (hlola uxhumano lwakho lwe-inthanethi),ବାଧାପ୍ରାପ୍ତ ଡାଉନଲୋଡ୍ କରନ୍ତୁ (ଆପଣଙ୍କର ଇଣ୍ଟରନେଟ୍ ସଂଯୋଗ ଯାଞ୍ଚ କରନ୍ତୁ),ההורדה נקטעה (בדוק את חיבור האינטרנט שלך),Nedladdningen avbröts (kontrollera din internetanslutning),A letöltés megszakadt (ellenőrizze az internetkapcsolatot),Lataus keskeytetty (tarkista internetyhteytesi),Nedlastingen ble avbrutt (sjekk internettforbindelsen din),Η λήψη διακόπηκε (ελέγξτε τη σύνδεσή σας στο Διαδίκτυο),Stahování bylo přerušeno (zkontrolujte připojení k internetu),Download afbrudt (tjek din internetforbindelse),Преузимање је прекинуто (проверите интернет везу),Изтеглянето е прекъснато (проверете връзката си с интернет),Sťahovanie bolo prerušené (skontrolujte svoje internetové pripojenie)
Message has expired,Tin nhắn đã hết hạn,消息已过期,訊息已過期,संदेश समाप्त हो गया है,El mensaje ha expirado,انتهت صلاحية الرسالة,Le message a expiré,বার্তার মেয়াদ শেষ হয়ে গেছে,A mensagem expirou,Срок действия сообщения истек,Pesan telah kedaluwarsa,پیغام کی میعاد ختم ہو گئی ہے۔,Nachricht ist abgelaufen,メッセージの有効期限が切れました,Ifiranṣẹ ti pari,संदेश कालबाह्य झाला आहे,Muda wa ujumbe umekwisha,సందేశం గడువు ముగిసింది,Mesajın süresi doldu,செய்தி காலாவதியானது,메시지가 만료되었습니다,پیام منقضی شده است,ข้อความหมดอายุแล้ว,Il messaggio è scaduto,સંદેશની સમયસીમા સમાપ્ત થઈ ગઈ છે,Wiadomość wygasła,Термін дії повідомлення минув,സന്ദേശം കാലഹരണപ്പെട്ടു,ਸੁਨੇਹੇ ਦੀ ਮਿਆਦ ਸਮਾਪਤ ਹੋ ਗਈ ਹੈ,Mesajul a expirat,Bericht is verlopen,Sakon ya kare,မက်ဆေ့ဂျ် သက်တမ်းကုန်သွားပါပြီ။,Mesajın müddəti bitdi,መልእክት ጊዜው አልፎበታል።,Umlayezo uphelelwe yisikhathi,ବାର୍ତ୍ତା ସମାପ୍ତ ହୋଇଛି |,פג תוקף ההודעה,Meddelandet har löpt ut,Az üzenet lejárt,Viesti on vanhentunut,Meldingen er utløpt,Το μήνυμα έχει λήξει,Platnost zprávy vypršela,Beskeden er udløbet,Порука је истекла,Съобщението е изтекло,Platnosť správy vypršala
Could not read message (part of the link may be missing),Không thể đọc tin nhắn (một phần liên kết có thể bị thiếu),无法阅读消息（部分链接可能缺失）,無法閱讀訊息（部分連結可能缺失）,संदेश पढ़ा नहीं जा सका (लिंक का कुछ भाग गायब हो सकता है),No se pudo leer el mensaje (es posible que falte parte del enlace),لم أتمكن من قراءة الرسالة (قد يكون جزء من الرابط مفقودًا),Impossible de lire le message (une partie du lien peut être manquante),বার্তা পড়া যায়নি (লিংকের অংশ অনুপস্থিত হতে পারে),Não foi possível ler a mensagem (parte do link pode estar faltando),Не удалось прочитать сообщение (часть ссылки может отсутствовать),Tidak dapat membaca pesan (sebagian tautan mungkin hilang),پیغام پڑھا نہیں جا سکا (لنک کا کچھ حصہ غائب ہو سکتا ہے),Nachricht konnte nicht gelesen werden (möglicherweise fehlt ein Teil des Links),メッセージを読み取ることができませんでした（リンクの一部が欠落している可能性があります）,Ko le ka ifiranṣẹ (apakan ọna asopọ le sonu),संदेश वाचता आला नाही (लिंकचा काही भाग गहाळ असू शकतो),Haikuweza kusoma ujumbe (huenda sehemu ya kiungo haipo),సందేశాన్ని చదవడం సాధ్యపడలేదు (లింక్‌లో కొంత భాగం తప్పిపోయి ఉండవచ్చు),Mesaj okunamadı (bağlantının bir kısmı eksik olabilir),செய்தியைப் படிக்க முடியவில்லை (இணைப்பின் ஒரு பகுதி விடுபட்டிருக்கலாம்),메시지를 읽을 수 없습니다(링크 일부가 누락되었을 수 있음),پیام خوانده نشد (ممکن است بخشی از پیوند گم شده باشد),ไม่สามารถอ่านข้อความได้ (ลิงก์บางส่วนอาจหายไป),Impossibile leggere il messaggio (parte del collegamento potrebbe essere mancante),સંદેશ વાંચી શકાયો નથી (લિંકનો ભાગ ખૂટે છે),Nie można odczytać wiadomości (część łącza może być brakująca),Не вдалося прочитати повідомлення (може бути відсутня частина посилання),സന്ദേശം വായിക്കാൻ കഴിഞ്ഞില്ല (ലിങ്കിൻ്റെ ഒരു ഭാഗം നഷ്ടപ്പെട്ടിരിക്കാം),ਸੁਨੇਹਾ ਪੜ੍ਹਿਆ ਨਹੀਂ ਜਾ ਸਕਿਆ (ਲਿੰਕ ਦਾ ਕੁਝ ਹਿੱਸਾ ਗੁੰਮ ਹੋ ਸਕਦਾ ਹੈ),Nu s-a putut citi mesajul (o parte din link poate lipsi),Bericht kon niet worden gelezen (een deel van de link ontbreekt mogelijk),An kasa karanta saƙo (sashe na mahaɗin yana iya ɓacewa),မက်ဆေ့ဂျ်ကို မဖတ်နိုင်ပါ (လင့်ခ်၏ တစ်စိတ်တစ်ပိုင်း ပျောက်ဆုံးနေနိုင်သည်),Mesajı oxumaq mümkün olmadı (linkin bir hissəsi olmaya bilər),መልእክት ማንበብ አልተቻለም (የአገናኙ ክፍል ሊጎድል ይችላል),Ayikwazanga ukufunda umlayezo (ingxenye yesixhumanisi kungenzeka ayikho),ବାର୍ତ୍ତା ପ read ିପାରିଲା ନାହିଁ (ଲିଙ୍କ୍ ର କିଛି ଅଂଶ ନିଖୋଜ ହୋଇପାରେ),לא ניתן היה לקרוא את ההודעה (ייתכן שחלק מהקישור חסר),Kunde inte läsa meddelandet (en del av länken kan saknas),"Nem sikerült elolvasni az üzenetet (lehet, hogy a hivatkozás egy része hiányzik)",Viestiä ei voitu lukea (osa linkistä saattaa puuttua),Kunne ikke lese meldingen (en del av lenken kan mangle),Δεν ήταν δυνατή η ανάγνωση του μηνύματος (ενδέχεται να λείπει μέρος του συνδέσμου),Zprávu nelze přečíst (možná chybí část odkazu),Kunne ikke læse beskeden (en del af linket mangler muligvis),Није могуће прочитати поруку (део везе можда недостаје),Съобщението не можа да бъде прочетено (част от връзката може да липсва),Správu sa nepodarilo prečítať (možno chýba časť odkazu)
Unknown error,Lỗi không xác định,未知错误,未知錯誤,अज्ञात त्रुटि,Error desconocido,خطأ غير معروف,Erreur inconnue,অজানা ত্রুটি,Erro desconhecido,Неизвестная ошибка,Kesalahan tidak diketahui,نامعلوم خرابی۔,Unbekannter Fehler,不明なエラー,Aṣiṣe ti a ko mọ,अज्ञात त्रुटी,Hitilafu isiyojulikana,తెలియని లోపం,Bilinmeyen hata,அறியப்படாத பிழை,알 수 없는 오류,خطای ناشناخته,ข้อผิดพลาดที่ไม่รู้จัก,Errore sconosciuto,અજાણી ભૂલ,Nieznany błąd,Невідома помилка,അജ്ഞാത പിശക്,ਅਗਿਆਤ ਤਰੁੱਟੀ,Eroare necunoscută,Onbekende fout,Kuskuren da ba a sani ba,အမည်မသိ အမှား,Naməlum xəta,ያልታወቀ ስህተት,Iphutha elingaziwa,ଅଜ୍ଞାତ ତ୍ରୁଟି |,שגיאה לא ידועה,Okänt fel,Ismeretlen hiba,Tuntematon virhe,Ukjent feil,Άγνωστο σφάλμα,Neznámá chyba,Ukendt fejl,Непозната грешка,Неизвестна грешка,Neznáma chyba
Request new copy,Yêu cầu bản sao mới,请求新副本,請求新副本,नई प्रति का अनुरोध करें,Solicitar nueva copia,طلب نسخة جديدة,Demander une nouvelle copie,নতুন অনুলিপি অনুরোধ,Solicitar nova cópia,Запросить новую копию,Minta salinan baru,نئی کاپی کی درخواست کریں۔,Neues Exemplar anfordern,新しいコピーをリクエストする,Beere ẹda tuntun,नवीन प्रतीची विनंती करा,Omba nakala mpya,కొత్త కాపీని అభ్యర్థించండి,Yeni bir kopya talep edin,புதிய நகலைக் கோருங்கள்,새 사본 요청,درخواست کپی جدید,ขอสำเนาใหม่,Richiedi una nuova copia,નવી નકલની વિનંતી કરો,Poproś o nową kopię,Запит на нову копію,പുതിയ പകർപ്പ് അഭ്യർത്ഥിക്കുക,ਨਵੀਂ ਕਾਪੀ ਲਈ ਬੇਨਤੀ ਕਰੋ,Solicitați o nouă copie,Vraag een nieuw exemplaar aan,Nemi sabon kwafi,မိတ္တူအသစ်တောင်းဆိုပါ။,Yeni nüsxə tələb edin,አዲስ ቅጂ ይጠይቁ,Cela ikhophi entsha,ନୂତନ କପି ଅନୁରୋଧ |,בקש עותק חדש,Begär nytt exemplar,Kérjen új példányt,Pyydä uusi kopio,Be om ny kopi,Ζητήστε νέο αντίγραφο,Vyžádejte si novou kopii,Anmod om nyt eksemplar,Затражите нову копију,Поискайте ново копие,Požiadať o novú kópiu
Retry,Thử lại,重试,重試,पुन: प्रयास करें,Rever,إعادة المحاولة,Réessayer,আবার চেষ্টা করুন,Tentar novamente,Повторить попытку,Mencoba kembali,دوبارہ کوشش کریں۔,Wiederholen,リトライ,Tun gbiyanju,पुन्हा प्रयत्न करा,Jaribu tena,మళ్లీ ప్రయత్నించండి,Tekrar dene,மீண்டும் முயற்சிக்கவும்,다시 해 보다,دوباره امتحان کنید,ลองใหม่อีกครั้ง,Riprova,ફરી પ્રયાસ કરો,Spróbować ponownie,Повторіть спробу,വീണ്ടും ശ്രമിക്കുക,ਦੁਬਾਰਾ ਕੋਸ਼ਿਸ਼ ਕਰੋ,Reîncercați,Opnieuw proberen,Sake gwadawa,ပြန်ကြိုးစားပါ။,Yenidən cəhd edin,እንደገና ይሞክሩ,Zama futhi,ପୁନ ry ଚେଷ୍ଟା କରନ୍ତୁ |,נסה שוב,Försöka igen,Próbálja újra,Yritä uudelleen,Prøv på nytt,Δοκιμάζω πάλι,Zkuste to znovu,Prøv igen,Покушајте поново,Опитайте отново,Skúste to znova
Network issue detected,Đã phát hiện sự cố mạng,检测到网络问题,偵測到網路問題,नेटवर्क समस्या का पता चला,Problema de red detectado,تم اكتشاف مشكلة في الشبكة,Problème de réseau détecté,নেটওয়ার্ক সমস্যা শনাক্ত করা হয়েছে,Problema de rede detectado,Обнаружена проблема с сетью,Masalah jaringan terdeteksi,نیٹ ورک کے مسئلے کا پتہ چلا,Netzwerkproblem erkannt,ネットワークの問題が検出されました,Iṣoro nẹtiwọki ti ṣawari,नेटवर्क समस्या आढळली,Tatizo la mtandao limegunduliwa,నెట్‌వర్క్ సమస్య కనుగొనబడింది,Ağ sorunu algılandı,நெட்வொர்க் சிக்கல் கண்டறியப்பட்டது,네트워크 문제가 감지되었습니다,مشکل شبکه شناسایی شد,ตรวจพบปัญหาเครือข่าย,Rilevato problema di rete,નેટવર્ક સમસ્યા મળી,Wykryto problem z siecią,Виявлено проблему з мережею,നെറ്റ്‌വർക്ക് പ്രശ്നം കണ്ടെത്തി,ਨੈੱਟਵਰਕ ਸਮੱਸਿਆ ਦਾ ਪਤਾ ਲੱਗਾ,S-a detectat o problemă de rețea,Netwerkprobleem gedetecteerd,An gano matsalar hanyar sadarwa,ကွန်ရက်ပြဿနာကို တွေ့ရှိခဲ့သည်။,Şəbəkə problemi aşkar edildi,የአውታረ መረብ ችግር ተገኝቷል,Kutholwe inkinga yenethiwekhi,ନେଟୱର୍କ ସମସ୍ୟା ଚିହ୍ନଟ ହେଲା |,זוהתה בעיה ברשת,Nätverksproblem upptäckt,Hálózati probléma észlelve,Verkko-ongelma havaittu,Nettverksproblem oppdaget,Εντοπίστηκε πρόβλημα δικτύου,Byl zjištěn problém se sítí,Netværksproblem fundet,Откривен је проблем са мрежом,Открит е мрежов проблем,Zistil sa problém so sieťou
Invalid URL,URL không hợp lệ,无效的网址,無效的網址,असामान्य यूआरएल,URL no válida,عنوان URL غير صالح,URL invalide,অবৈধ URL,URL inválida,Неверный URL-адрес,URL tidak valid,غلط URL,Ungültige URL,無効なURL,URL ti ko tọ,अवैध URL,URL batili,చెల్లని URL,Geçersiz URL,தவறான URL,잘못된 URL,URL نامعتبر است,URL ไม่ถูกต้อง,URL non valido,અમાન્ય URL,Nieprawidłowy adres URL,Недійсний URL,അസാധുവായ URL,ਅਵੈਧ URL,Adresă URL nevalidă,Ongeldige URL,URL mara inganci,မမှန်ကန်သော URL,Yanlış URL,ልክ ያልሆነ URL,I-URL engavumelekile,ଅବ val ଧ URL |,כתובת אתר לא חוקית,Ogiltig webbadress,Érvénytelen URL,Virheellinen URL-osoite,Ugyldig URL,Μη έγκυρη διεύθυνση URL,Neplatná adresa URL,Ugyldig URL,Неважећи УРЛ,Невалиден URL адрес,Neplatná adresa URL
This account is no longer active,Tài khoản này không còn hoạt động nữa,此帐户不再有效,此帳戶不再有效,यह खाता अब सक्रिय नहीं है,Esta cuenta ya no está activa,هذا الحساب لم يعد نشطا,Ce compte n'est plus actif,এই অ্যাকাউন্ট আর সক্রিয় নেই,Esta conta não está mais ativa,Эта учетная запись больше не активна.,Akun ini sudah tidak aktif,یہ اکاؤنٹ اب فعال نہیں ہے۔,Dieses Konto ist nicht mehr aktiv,このアカウントはもうアクティブではありません,Akọọlẹ yii ko ṣiṣẹ mọ,हे खाते यापुढे सक्रिय नाही,Akaunti hii haitumiki tena,ఈ ఖాతా ఇప్పుడు సక్రియంగా లేదు,Bu hesap artık aktif değil,இந்தக் கணக்கு இனி செயலில் இல்லை,이 계정은 더 이상 활성화되지 않습니다.,این حساب دیگر فعال نیست,บัญชีนี้ไม่ใช้งานอีกต่อไป,Questo account non è più attivo,આ એકાઉન્ટ હવે સક્રિય નથી,To konto nie jest już aktywne,Цей обліковий запис більше не активний,ഈ അക്കൗണ്ട് ഇനി സജീവമല്ല,ਇਹ ਖਾਤਾ ਹੁਣ ਕਿਰਿਆਸ਼ੀਲ ਨਹੀਂ ਹੈ,Acest cont nu mai este activ,Dit account is niet langer actief,Wannan asusun baya aiki,ဤအကောင့်သည် အသက်ဝင်တော့မည်မဟုတ်ပါ။,Bu hesab artıq aktiv deyil,ይህ መለያ ከአሁን በኋላ ንቁ አይደለም።,Le akhawunti ayisasebenzi,ଏହି ଖାତା ଆଉ ସକ୍ରିୟ ନୁହେଁ |,חשבון זה אינו פעיל יותר,Detta konto är inte längre aktivt,Ez a fiók már nem aktív,Tämä tili ei ole enää aktiivinen,Denne kontoen er ikke lenger aktiv,Αυτός ο λογαριασμός δεν είναι πλέον ενεργός,Tento účet již není aktivní,Denne konto er ikke længere aktiv,Овај налог више није активан,Този акаунт вече не е активен,Tento účet už nie je aktívny
You've unsubscribed,Bạn đã hủy đăng ký,您已取消订阅,您已取消訂閱,आपने सदस्यता समाप्त कर दी है,Te has dado de baja,لقد قمت بإلغاء الاشتراك,Vous vous êtes désabonné,আপনি সদস্যতা ত্যাগ করেছেন,Você cancelou a inscrição,Вы отписались,Anda telah berhenti berlangganan,آپ نے رکنیت ختم کر دی ہے۔,Sie haben sich abgemeldet,購読を解除しました,O ti yọ alabapin kuro,तुम्ही सदस्यत्व रद्द केले आहे,Umejiondoa,మీరు చందాను తొలగించారు,Aboneliğinizi iptal ettiniz,நீங்கள் குழுவிலகிவிட்டீர்கள்,구독을 취소하셨습니다,شما لغو اشتراک کرده اید,คุณได้ยกเลิกการสมัครแล้ว,Hai annullato l'iscrizione,તમે અનસબ્સ્ક્રાઇબ કર્યું છે,Zrezygnowałeś z subskrypcji,Ви скасували підписку,നിങ്ങൾ അൺസബ്‌സ്‌ക്രൈബ് ചെയ്തു,ਤੁਸੀਂ ਗਾਹਕੀ ਰੱਦ ਕਰ ਦਿੱਤੀ ਹੈ,V-ați dezabonat,Je bent afgemeld,Kun cire rajista,သင်သည် စာရင်းသွင်းမှုကို ရပ်ဆိုင်းလိုက်ပါပြီ။,Abunəliyi ləğv etdiniz,ከደንበኝነት ምዝገባ ወጥተዋል።,Uzikhiphile ohlwini,ଆପଣ ସଦସ୍ୟତା ଗ୍ରହଣ କରିଛନ୍ତି |,ביטלת את המנוי,Du har avslutat prenumerationen,Leiratkoztál,Olet peruuttanut tilauksen,Du har avsluttet abonnementet,Καταργήσατε την εγγραφή σας,Odhlásili jste odběr,Du har afmeldt abonnementet,Одјавили сте се,Отписахте се,Zrušili ste odber
undo,hoàn tác,撤消,撤銷,पूर्ववत,deshacer,التراجع,défaire,পূর্বাবস্থা,desfazer,отменить,membuka,کالعدم,rückgängig machen,元に戻す,yi pada,पूर्ववत करा,tengua,అన్డు,geri al,செயல்தவிர்,끄르다,لغو کردن,เลิกทำ,disfare,પૂર્વવત્ કરો,anulować,скасувати,പഴയപടിയാക്കുക,ਅਣਡੂ,anula,ongedaan maken,warware,နေလည်း,ləğv edin,መቀልበስ,hlehlisa,ପୂର୍ବବତ୍ କରନ୍ତୁ |,לְבַטֵל,ångra,visszavonni,kumoa,angre,ξεκάνω,vrátit zpět,fortryd,поништити,отмяна,vrátiť späť
This message was sent to,Tin nhắn này đã được gửi đến,此消息已发送至,此訊息已發送至,यह संदेश भेजा गया,Este mensaje fue enviado a,لقد تم إرسال هذه الرسالة إلى,Ce message a été envoyé à,এই বার্তা পাঠানো হয়েছে,Esta mensagem foi enviada para,Это сообщение было отправлено,Pesan ini dikirim ke,کو یہ پیغام بھیجا گیا تھا۔,Diese Nachricht wurde gesendet an,このメッセージは,Ifiranṣẹ yii ni a fi ranṣẹ si,यांना हा संदेश पाठवला होता,Ujumbe huu ulitumwa kwa,ఈ సందేశం పంపబడింది,Bu mesaj şu adrese gönderildi:,இந்த செய்தி அனுப்பப்பட்டது,이 메시지는 다음 사람에게 전송되었습니다.,این پیام به,ข้อความนี้ถูกส่งไปที่,Questo messaggio è stato inviato a,પર આ સંદેશ મોકલવામાં આવ્યો હતો,Ta wiadomość została wysłana do,Це повідомлення було надіслано до,ഈ സന്ദേശം അയച്ചു,ਨੂੰ ਇਹ ਸੁਨੇਹਾ ਭੇਜਿਆ ਗਿਆ ਸੀ,Acest mesaj a fost trimis către,Dit bericht is verzonden naar,An aika wannan sakon zuwa ga,ဒီစာကို ပို့ခဲ့တာ,Bu mesaj göndərildi,ይህ መልእክት ተልኳል።,Lo mlayezo uthunyelwe ku,ଏହି ବାର୍ତ୍ତା ପଠାଯାଇଛି |,הודעה זו נשלחה אל,Detta meddelande skickades till,Ezt az üzenetet a következő címre küldték:,Tämä viesti lähetettiin osoitteeseen,Denne meldingen ble sendt til,Αυτό το μήνυμα στάλθηκε στο,Tato zpráva byla odeslána uživateli,Denne besked blev sendt til,Ова порука је послата на,Това съобщение беше изпратено до,Táto správa bola odoslaná na adresu
New email address,Địa chỉ email mới,新的电子邮件地址,新的電子郵件地址,न्यू ईमेल पता,Nueva dirección de correo electrónico,عنوان بريد إلكتروني جديد,Nouvelle adresse e-mail,নতুন ইমেল ঠিকানা,Novo endereço de e-mail,Новый адрес электронной почты,Alamat email baru,نیا ای میل پتہ,Neue E-Mail-Adresse,新しいメールアドレス,Adirẹsi imeeli titun,नवीन ईमेल पत्ता,Barua pepe mpya,కొత్త ఇమెయిల్ చిరునామా,Yeni e-posta adresi,புதிய மின்னஞ்சல் முகவரி,새로운 이메일 주소,آدرس ایمیل جدید,ที่อยู่อีเมลใหม่,Nuovo indirizzo email,નવું ઇમેઇલ સરનામું,Nowy adres e-mail,Нова електронна адреса,പുതിയ ഇമെയിൽ വിലാസം,ਨਵਾਂ ਈਮੇਲ ਪਤਾ,Adresă de e-mail nouă,Nieuw e-mailadres,Sabon adireshin imel,အီးမေးလ်လိပ်စာအသစ်,Yeni e-poçt ünvanı,አዲስ የኢሜይል አድራሻ,Ikheli le-imeyili elisha,ନୂତନ ଇମେଲ୍ ଠିକଣା |,כתובת אימייל חדשה,Ny e-postadress,Új email cím,Uusi sähköpostiosoite,Ny e-postadresse,Νέα διεύθυνση email,Nová e-mailová adresa,Ny e-mailadresse,Нова адреса е-поште,Нов имейл адрес,Nová e-mailová adresa
Cancel,Hủy bỏ,取消,取消,रद्द करना,Cancelar,يلغي,Annuler,বাতিল করুন,Cancelar,Отмена,Membatalkan,منسوخ کریں۔,Stornieren,キャンセル,Fagilee,रद्द करा,Ghairi,రద్దు చేయి,İptal etmek,ரத்து செய்,취소,لغو کنید,ยกเลิก,Cancellare,રદ કરો,Anulować,Скасувати,റദ്ദാക്കുക,ਰੱਦ ਕਰੋ,Anula,Annuleren,Soke,မလုပ်တော့,Ləğv et,ሰርዝ,Khansela,ବାତିଲ୍ କରନ୍ତୁ |,לְבַטֵל,Avboka,Mégsem,Peruuttaa,Kansellere,Ματαίωση,Zrušit,Ophæve,Откажи,Отказ,Zrušiť
Change,Thay đổi,改变,改變,परिवर्तन,Cambiar,يتغير,Changement,পরিবর্তন,Mudar,Изменять,Mengubah,تبدیلی,Ändern,変化,Yipada,बदला,Badilika,మార్చండి,Değiştirmek,மாற்றவும்,변화,تغییر دهید,เปลี่ยน,Modifica,બદલો,Zmiana,Зміна,മാറ്റുക,ਬਦਲੋ,Schimba,Wijziging,Canza,ပြောင်းလဲပါ။,Dəyişmək,ለውጥ,Shintsha,ପରିବର୍ତ୍ତନ କରନ୍ତୁ |,לְשַׁנוֹת,Ändra,Változás,Muuttaa,Endre,Αλλαγή,Přeměna,Forandring,Промена,промяна,Zmeniť
Request new copy of message,Yêu cầu bản sao mới của tin nhắn,请求新的消息副本,請求新的訊息副本,संदेश की नई प्रति का अनुरोध करें,Solicitar nueva copia del mensaje,طلب نسخة جديدة من الرسالة,Demander une nouvelle copie du message,বার্তার নতুন অনুলিপি অনুরোধ করুন,Solicitar nova cópia da mensagem,Запросить новую копию сообщения,Minta salinan pesan baru,پیغام کی نئی کاپی کی درخواست کریں۔,Neue Kopie der Nachricht anfordern,メッセージの新しいコピーをリクエスト,Beere ẹda tuntun ti ifiranṣẹ,संदेशाच्या नवीन प्रतीची विनंती करा,Omba nakala mpya ya ujumbe,సందేశం యొక్క కొత్త కాపీని అభ్యర్థించండి,Mesajın yeni bir kopyasını isteyin,செய்தியின் புதிய நகலைக் கோருங்கள்,메시지의 새 사본을 요청하세요,درخواست کپی جدید از پیام,ขอสำเนาข้อความใหม่,Richiedi una nuova copia del messaggio,સંદેશની નવી નકલની વિનંતી કરો,Poproś o nową kopię wiadomości,Запит на нову копію повідомлення,സന്ദേശത്തിൻ്റെ പുതിയ പകർപ്പ് അഭ്യർത്ഥിക്കുക,ਸੁਨੇਹੇ ਦੀ ਨਵੀਂ ਕਾਪੀ ਲਈ ਬੇਨਤੀ ਕਰੋ,Solicitați o nouă copie a mesajului,Vraag een nieuwe kopie van het bericht aan,Nemi sabon kwafin saƙo,မက်ဆေ့ဂျ်အသစ်ကို တောင်းဆိုပါ။,Mesajın yeni surətini tələb edin,አዲስ የመልእክት ቅጂ ጠይቅ,Cela ikhophi entsha yomlayezo,ସନ୍ଦେଶର ନୂତନ କପି ଅନୁରୋଧ |,בקש עותק חדש של ההודעה,Begär ny kopia av meddelandet,Kérjen új másolatot az üzenetről,Pyydä uusi kopio viestistä,Be om ny kopi av meldingen,Ζητήστε νέο αντίγραφο μηνύματος,Vyžádejte si novou kopii zprávy,Anmod om ny kopi af beskeden,Затражите нову копију поруке,Поискайте ново копие на съобщението,Vyžiadať novú kópiu správy
Send,Gửi,发送,傳送,भेजना,Enviar,يرسل,Envoyer,পাঠান,Enviar,Отправлять,Mengirim,بھیجیں۔,Schicken,送信,Firanṣẹ,पाठवा,Tuma,పంపండి,Göndermek,அனுப்பு,보내다,ارسال کنید,ส่ง,Inviare,મોકલો,Wysłać,Надіслати,അയക്കുക,ਭੇਜੋ,Trimite,Versturen,Aika,ပို့ပါ။,Göndər,ላክ,Thumela,ପଠାନ୍ତୁ |,לִשְׁלוֹחַ,Skicka,Elküld,Lähetä,Sende,Στέλνω,Poslat,Sende,Пошаљи,Изпратете,Odoslať
Full name,Họ và tên đầy đủ,姓名,姓名,पूरा नाम,Nombre completo,الاسم الكامل,Nom et prénom,পুরো নাম,Nome completo,Полное имя,Nama lengkap,پورا نام,Vollständiger Name,フルネーム,Akokun Oruko,पूर्ण नाव,Jina kamili,పూర్తి పేరు,Ad Soyad,முழுப் பெயர்,성명,نام کامل,ชื่อ-นามสกุล,Nome e cognome,પૂરું નામ,Pełne imię i nazwisko,ПІБ,പൂർണ്ണമായ പേര്,ਪੂਰਾ ਨਾਂਮ,Numele complet,Volledige naam,Cikakken suna,နာမည်အပြည့်အစုံ,Tam adı,ሙሉ ስም,Igama eligcwele,ପୂର୍ଣ୍ଣ ନାମ,שם מלא,Fullständigt namn,Teljes név,Koko nimi,Fullt navn,Ονοματεπώνυμο,Celé jméno,Fulde navn,Пуно име,Пълно име,Celé meno
Email address,Địa chỉ email,电子邮件,電子郵件,मेल पता,Dirección de correo electrónico,عنوان البريد الإلكتروني,Adresse email,ইমেইল ঠিকানা,Endereço de email,Адрес электронной почты,Alamat email,ای میل ایڈریس,E-Mail-Adresse,電子メールアドレス,Adirẹsi imeeli,ईमेल पत्ता,Anwani ya barua pepe,ఇమెయిల్ చిరునామా,E-posta adresi,மின்னஞ்சல் முகவரி,이메일 주소,آدرس ایمیل,ที่อยู่อีเมล,Indirizzo e-mail,ઇમેઇલ સરનામું,Adres e-mail,Адреса електронної пошти,ഇമെയിൽ വിലാസം,ਈਮੇਲ ਪਤਾ,Adresa de e-mail,E-mailadres,Adireshin i-mel,အီးမေးလ်လိပ်စာ,E-poçt ünvanı,የኢሜል አድራሻ,Ikheli le-imeyili,ଇମେଲ୍ ଠିକଣା,כתובת אימייל,E-postadress,E-mail cím,Sähköpostiosoite,E-postadresse,Διεύθυνση ηλεκτρονικού ταχυδρομείου,E-mailová adresa,E-mailadresse,Адреса е-поште,Имейл адрес,E-mailová adresa
Message,Tin nhắn,信息,訊息,संदेश,Mensaje,رسالة,Message,বার্তা,Mensagem,Сообщение,Pesan,پیغام,Nachricht,メッセージ,Ifiranṣẹ,संदेश,Ujumbe,సందేశం,Mesaj,செய்தி,메시지,پیام,ข้อความ,Messaggio,સંદેશ,Wiadomość,повідомлення,സന്ദേശം,ਸੁਨੇਹਾ,Mesaj,Bericht,Sako,မက်ဆေ့ချ်,Mesaj,መልእክት,Umlayezo,ବାର୍ତ୍ତା |,הוֹדָעָה,Meddelande,Üzenet,Viesti,Beskjed,Μήνυμα,Zpráva,Besked,Порука,Съобщение,Správa
subscribed,đã đăng ký,订阅,訂閱,सदस्यता लिया,suscrito,مشترك,abonné,সদস্যতা,inscrito,подписался,berlangganan,سبسکرائب کیا,gezeichnet,購読済み,ṣe alabapin,सदस्यत्व घेतले,umejisajili,చందా పొందారు,abone oldu,சந்தா,구독했다,مشترک شد,สมัครสมาชิก,sottoscritto,સબ્સ્ક્રાઇબ કર્યું,zapisany,підписаний,വരിക്കാരായി,ਸਬਸਕ੍ਰਾਈਬ ਕੀਤਾ,abonat,geabonneerd,rajista,စာရင်းသွင်းထားသည်။,abunə oldu,ተመዝግቧል,ubhalisile,ସଦସ୍ୟତା,נרשם,prenumererade,előfizetett,tilattu,abonnerer,εγγεγραμμένος,předplaceno,abonnerede,претплаћени,абониран,predplatené
Close,Đóng,关闭,關閉,बंद करना,Cerca,يغلق,Fermer,বন্ধ,Fechar,Закрывать,Menutup,بند,Schließen,近い,Sunmọ,बंद करा,Funga,మూసివేయి,Kapalı,மூடு,닫다,بستن,ปิด,Vicino,બંધ કરો,Zamknąć,Закрити,അടയ്ക്കുക,ਬੰਦ ਕਰੋ,Aproape,Dichtbij,Kusa,ပိတ်လိုက်,Bağlayın,ገጠመ,Vala,ବନ୍ଦ,לִסְגוֹר,Nära,Közeli,Lähellä,Lukke,Κοντά,Blízko,Tæt,Затвори,затвори,Zavrieť
Subscribe,Đặt mua,订阅,訂閱,सदस्यता लें,Suscribir,يشترك,S'abonner,সদস্যতা,Inscrever-se,Подписаться,Berlangganan,سبسکرائب کریں۔,Abonnieren,購読する,Alabapin,सदस्यता घ्या,Jisajili,సభ్యత్వం పొందండి,Abone,குழுசேர்,구독하다,مشترک شوید,สมัครสมาชิก,Iscriviti,સબ્સ્ક્રાઇબ કરો,Subskrybować,Підпишіться,സബ്സ്ക്രൈബ് ചെയ്യുക,ਸਬਸਕ੍ਰਾਈਬ ਕਰੋ,Abonați-vă,Abonneren,Yi rijista,စာရင်းသွင်းပါ။,Abunə ol,ሰብስክራይብ ያድርጉ,Bhalisa,ସବସ୍କ୍ରାଇବ କରନ୍ତୁ |,הירשם,Prenumerera,Iratkozz fel,Tilaa,Abonner,Συνεισφέρω,Upsat,Abonner,Претплатите се,Абонирайте се,Prihlásiť sa na odber
Are you sure you'd like to unsubscribe?,Bạn có chắc chắn muốn hủy đăng ký không?,您确定要取消订阅吗？,您確定要取消訂閱嗎？,क्या आप वाकई सदस्यता समाप्त करना चाहते हैं?,¿Está seguro de que desea cancelar la suscripción?,هل أنت متأكد أنك تريد إلغاء الاشتراك؟,Êtes-vous sûr de vouloir vous désabonner ?,আপনি কি নিশ্চিত আপনি সদস্যতা ত্যাগ করতে চান?,Tem certeza de que deseja cancelar a assinatura?,"Вы уверены, что хотите отписаться?",Apakah Anda yakin ingin berhenti berlangganan?,کیا آپ واقعی ان سبسکرائب کرنا چاہتے ہیں؟,Möchten Sie sich wirklich abmelden?,本当に購読を解除しますか?,Ṣe o da ọ loju pe o fẹ yọọ kuro bi?,तुम्हाला खात्री आहे की तुम्ही सदस्यत्व रद्द करू इच्छिता?,"Je, una uhakika ungependa kujiondoa?",మీరు ఖచ్చితంగా చందాను తీసివేయాలనుకుంటున్నారా?,Aboneliğinizi iptal etmek istediğinizden emin misiniz?,நீங்கள் நிச்சயமாக குழுவிலக விரும்புகிறீர்களா?,구독을 취소하시겠습니까?,آیا مطمئن هستید که می خواهید اشتراک خود را لغو کنید؟,คุณแน่ใจหรือไม่ว่าต้องการยกเลิกการสมัคร?,Sei sicuro di voler annullare l'iscrizione?,શું તમે ખરેખર અનસબ્સ્ક્રાઇબ કરવા માંગો છો?,Czy na pewno chcesz zrezygnować z subskrypcji?,"Ви впевнені, що хочете скасувати підписку?",അൺസബ്‌സ്‌ക്രൈബ് ചെയ്യണമെന്ന് തീർച്ചയാണോ?,ਕੀ ਤੁਸੀਂ ਯਕੀਨੀ ਤੌਰ 'ਤੇ ਗਾਹਕੀ ਰੱਦ ਕਰਨਾ ਚਾਹੁੰਦੇ ਹੋ?,Sigur doriți să vă dezabonați?,Weet u zeker dat u zich wilt afmelden?,Shin kun tabbata kuna son cire rajista?,စာရင်းသွင်းမှုကို ရပ်ဆိုင်းလိုသည်မှာ သေချာပါသလား။,Abunəlikdən çıxmaq istədiyinizə əminsiniz?,እርግጠኛ ነህ ከደንበኝነት ምዝገባ መውጣት ትፈልጋለህ?,Uqinisekile ukuthi ungathanda ukuzikhipha ohlwini?,ଆପଣ ସଦସ୍ୟତା ରଦ୍ଦ କରିବାକୁ ଚାହୁଁଥିବା ନିଶ୍ଚିତ କି?,האם אתה בטוח שברצונך לבטל את המנוי?,Är du säker på att du vill avsluta prenumerationen?,"Biztos, hogy le szeretne iratkozni?","Oletko varma, että haluat peruuttaa tilauksen?",Er du sikker på at du vil avslutte abonnementet?,Είστε βέβαιοι ότι θέλετε να καταργήσετε την εγγραφή σας;,Opravdu se chcete odhlásit?,"Er du sikker på, at du vil afmelde?",Да ли сте сигурни да желите да откажете претплату?,"Сигурни ли сте, че искате да се отпишете?",Naozaj chcete zrušiť odber?
Replied,Đã trả lời,回复,回覆,उत्तर दिया,Respondió,رد,Répondu,উত্তর দিয়েছেন,Respondido,Ответил,Dibalas,جواب دیا۔,Antwortete,返信,Fesi,उत्तर दिले,Alijibu,అని బదులిచ్చారు,Cevaplandı,பதிலளித்தார்,답변했습니다,پاسخ داد,ตอบกลับ,Risposto,જવાબ આપ્યો,Odpowiedziano,Відповів,മറുപടി പറഞ്ഞു,ਜਵਾਬ ਦਿੱਤਾ,a răspuns,Beantwoord,Amsa,ပြန်ပြောသည်။,Cavab verdi,ምላሽ ሰጥተዋል,Kuphendule,ଉତ୍ତର,השיב,svarade,válaszolt,Vastasi,svarte,Απάντησε,Odpovězeno,svarede,Одговорио,Отговорено,Odpovedal
Only author can see,Chỉ tác giả mới có thể nhìn thấy,仅作者可见,僅作者可見,केवल लेखक ही देख सकता है,Sólo el autor puede verlo,المؤلف فقط هو الذي يستطيع الرؤية,Seul l'auteur peut voir,শুধুমাত্র লেখক দেখতে পারেন,Somente o autor pode ver,Только автор может видеть,Hanya penulis yang bisa melihat,صرف مصنف ہی دیکھ سکتا ہے۔,Nur der Autor kann sehen,著者のみが閲覧可能,Onkọwe nikan ni o le rii,फक्त लेखक पाहू शकतो,Mwandishi pekee ndiye anayeweza kuona,రచయిత మాత్రమే చూడగలరు,Sadece yazar görebilir,ஆசிரியர் மட்டுமே பார்க்க முடியும்,작성자만 볼 수 있습니다,فقط نویسنده می تواند ببیند,มีเพียงผู้เขียนเท่านั้นที่สามารถมองเห็นได้,Solo l'autore può vedere,માત્ર લેખક જ જોઈ શકે છે,Tylko autor może zobaczyć,Лише автор може бачити,രചയിതാവിന് മാത്രമേ കാണാൻ കഴിയൂ,ਸਿਰਫ਼ ਲੇਖਕ ਹੀ ਦੇਖ ਸਕਦਾ ਹੈ,Numai autorul poate vedea,Alleen de auteur kan het zien,Mawallafi ne kawai ke iya gani,စာရေးဆရာသာ မြင်နိုင်သည်။,Yalnız müəllif görə bilər,ማየት የሚችለው ደራሲ ብቻ ነው።,Umbhali kuphela ongabona,କେବଳ ଲେଖକ ଦେଖିପାରିବେ |,רק המחבר יכול לראות,Endast författare kan se,Csak a szerző láthatja,Vain kirjoittaja voi nähdä,Bare forfatter kan se,Μόνο ο συγγραφέας μπορεί να δει,Vidí pouze autor,Kun forfatter kan se,Само аутор може да види,Само авторът може да види,Vidí len autor
Secure reply,Trả lời an toàn,安全回复,安全回覆,सुरक्षित उत्तर,Respuesta segura,الرد الآمن,Réponse sécurisée,নিরাপদ উত্তর,Resposta segura,Безопасный ответ,Balasan aman,محفوظ جواب,Sichere Antwort,安全な返信,Idahun to ni aabo,सुरक्षित उत्तर,Jibu salama,సురక్షితమైన సమాధానం,Güvenli yanıt,பாதுகாப்பான பதில்,안전한 답변,پاسخ ایمن,การตอบกลับที่ปลอดภัย,Risposta sicura,સુરક્ષિત જવાબ,Bezpieczna odpowiedź,Безпечна відповідь,സുരക്ഷിതമായ മറുപടി,ਸੁਰੱਖਿਅਤ ਜਵਾਬ,Răspuns sigur,Veilig antwoord,Amintaccen amsa,လုံခြုံစွာပြန်ကြားပါ။,Təhlükəsiz cavab,ደህንነቱ የተጠበቀ ምላሽ,Vikela impendulo,ସୁରକ୍ଷିତ ଉତ୍ତର,תשובה מאובטחת,Säkert svar,Biztonságos válasz,Turvallinen vastaus,Sikkert svar,Ασφαλής απάντηση,Bezpečná odpověď,Sikkert svar,Сигуран одговор,Сигурен отговор,Bezpečná odpoveď
All responses are securely encrypted and only visible to author,Tất cả các phản hồi đều được mã hóa an toàn và chỉ tác giả mới có thể nhìn thấy,所有回复均经过安全加密，且只有作者可见,所有回應均經過安全加密，且只有作者可見,सभी प्रतिक्रियाएँ सुरक्षित रूप से एन्क्रिप्ट की गई हैं और केवल लेखक को ही दिखाई देती हैं,Todas las respuestas están encriptadas de forma segura y solo son visibles para el autor.,يتم تشفير جميع الردود بشكل آمن ولا يمكن رؤيتها إلا من قبل المؤلف,Toutes les réponses sont cryptées de manière sécurisée et visibles uniquement par l'auteur,সমস্ত প্রতিক্রিয়া সুরক্ষিতভাবে এনক্রিপ্ট করা এবং শুধুমাত্র লেখকের কাছে দৃশ্যমান,Todas as respostas são criptografadas com segurança e visíveis apenas para o autor,Все ответы надежно зашифрованы и видны только автору.,Semua respons dienkripsi dengan aman dan hanya terlihat oleh penulis,تمام جوابات محفوظ طریقے سے مرموز ہیں اور صرف مصنف کے لیے مرئی ہیں۔,Alle Antworten sind sicher verschlüsselt und nur für den Autor sichtbar,すべての回答は安全に暗号化され、投稿者のみ閲覧可能です。,Gbogbo awọn idahun jẹ fifipamọ ni aabo ati pe o han si onkọwe nikan,सर्व प्रतिसाद सुरक्षितपणे कूटबद्ध केलेले आहेत आणि केवळ लेखकास दृश्यमान आहेत,Majibu yote yamesimbwa kwa njia salama na yanaonekana kwa mwandishi pekee,అన్ని ప్రతిస్పందనలు సురక్షితంగా గుప్తీకరించబడ్డాయి మరియు రచయితకు మాత్రమే కనిపిస్తాయి,Tüm yanıtlar güvenli bir şekilde şifrelenir ve yalnızca yazar tarafından görülebilir,அனைத்து பதில்களும் பாதுகாப்பாக குறியாக்கம் செய்யப்பட்டவை மற்றும் ஆசிரியருக்கு மட்டுமே தெரியும்,모든 응답은 안전하게 암호화되며 작성자에게만 표시됩니다.,همه پاسخ ها به صورت ایمن رمزگذاری شده و فقط برای نویسنده قابل مشاهده است,คำตอบทั้งหมดได้รับการเข้ารหัสอย่างปลอดภัยและมองเห็นได้เฉพาะผู้เขียนเท่านั้น,Tutte le risposte sono crittografate in modo sicuro e visibili solo all'autore,બધા પ્રતિસાદો સુરક્ષિત રીતે એન્ક્રિપ્ટેડ છે અને માત્ર લેખકને જ દૃશ્યક્ષમ છે,Wszystkie odpowiedzi są bezpiecznie szyfrowane i widoczne tylko dla autora,Усі відповіді надійно зашифровані та видимі лише для автора,എല്ലാ പ്രതികരണങ്ങളും സുരക്ഷിതമായി എൻക്രിപ്റ്റ് ചെയ്തതും രചയിതാവിന് മാത്രം ദൃശ്യവുമാണ്,ਸਾਰੇ ਜਵਾਬ ਸੁਰੱਖਿਅਤ ਰੂਪ ਨਾਲ ਏਨਕ੍ਰਿਪਟ ਕੀਤੇ ਗਏ ਹਨ ਅਤੇ ਕੇਵਲ ਲੇਖਕ ਨੂੰ ਦਿਖਾਈ ਦਿੰਦੇ ਹਨ,Toate răspunsurile sunt criptate în siguranță și vizibile numai pentru autor,Alle reacties zijn veilig versleuteld en alleen zichtbaar voor de auteur,Duk martanin an rufaffen sirri kuma ana iya gani ga marubuci kawai,တုံ့ပြန်မှုအားလုံးကို လုံခြုံစွာ ကုဒ်ဝှက်ထားပြီး စာရေးသူမှသာလျှင် မြင်နိုင်သည်။,Bütün cavablar təhlükəsiz şəkildə şifrələnir və yalnız müəllifə görünür,ሁሉም ምላሾች ደህንነቱ በተጠበቀ መልኩ የተመሰጠሩ እና ለጸሐፊው ብቻ የሚታዩ ናቸው።,Zonke izimpendulo zibethelwe ngokuvikelekile futhi zibonakala kumbhali kuphela,ସମସ୍ତ ପ୍ରତିକ୍ରିୟା ସୁରକ୍ଷିତ ଭାବରେ ଏନକ୍ରିପ୍ଟ ହୋଇଛି ଏବଂ କେବଳ ଲେଖକଙ୍କୁ ଦୃଶ୍ୟମାନ ହେଉଛି |,כל התגובות מוצפנות בצורה מאובטחת וגלויות רק למחבר,Alla svar är säkert krypterade och endast synliga för författaren,"Minden válasz biztonságosan titkosított, és csak a szerző láthatja",Kaikki vastaukset ovat turvallisesti salattuja ja ne näkyvät vain kirjoittajalle,Alle svar er sikkert kryptert og kun synlige for forfatteren,Όλες οι απαντήσεις είναι κρυπτογραφημένες με ασφάλεια και ορατές μόνο στον συγγραφέα,Všechny odpovědi jsou bezpečně zašifrovány a viditelné pouze pro autora,Alle svar er sikkert krypteret og kun synlige for forfatteren,Сви одговори су безбедно шифровани и видљиви само аутору,Всички отговори са сигурно криптирани и видими само за автора,Všetky odpovede sú bezpečne zašifrované a viditeľné iba pre autora
Click to save,Nhấp để lưu,点击保存,點選儲存,सहेजने के लिए क्लिक करें,Haga clic para guardar,انقر للحفظ,Cliquez pour enregistrer,সংরক্ষণ করতে ক্লিক করুন,Clique para salvar,"Нажмите, чтобы сохранить",Klik untuk menyimpan,محفوظ کرنے کے لیے کلک کریں۔,"Klicken Sie hier, um zu speichern",クリックして保存,Tẹ lati fipamọ,जतन करण्यासाठी क्लिक करा,Bofya ili kuhifadhi,సేవ్ చేయడానికి క్లిక్ చేయండి,Kaydetmek için tıklayın,சேமிக்க கிளிக் செய்யவும்,저장하려면 클릭하세요,برای ذخیره کلیک کنید,คลิกเพื่อบันทึก,Fai clic per salvare,સાચવવા માટે ક્લિક કરો,"Kliknij, aby zapisać","Натисніть, щоб зберегти",സംരക്ഷിക്കാൻ ക്ലിക്ക് ചെയ്യുക,ਸੇਵ ਕਰਨ ਲਈ ਕਲਿੱਕ ਕਰੋ,Faceți clic pentru a salva,Klik om op te slaan,Danna don ajiyewa,သိမ်းဆည်းရန် နှိပ်ပါ။,Saxlamaq üçün klikləyin,ለማስቀመጥ ጠቅ ያድርጉ,Chofoza ukuze ulondoloze,ସେଭ୍ କରିବାକୁ କ୍ଲିକ୍ କରନ୍ତୁ |,לחץ כדי לשמור,Klicka för att spara,Kattintson a mentéshez,Tallenna napsauttamalla,Klikk for å lagre,Κάντε κλικ για αποθήκευση,Kliknutím uložíte,Klik for at gemme,Кликните да бисте сачували,"Кликнете, за да запазите",Kliknutím uložíte
Click to open,Nhấp để mở,点击打开,點擊打開,खोलने के लिए क्लिक करें,Haga clic para abrir,انقر لفتح,Cliquez pour ouvrir,খুলতে ক্লিক করুন,Clique para abrir,"Нажмите, чтобы открыть",Klik untuk membuka,کھولنے کے لیے کلک کریں۔,Zum Öffnen klicken,クリックして開く,Tẹ lati ṣii,उघडण्यासाठी क्लिक करा,Bofya ili kufungua,తెరవడానికి క్లిక్ చేయండి,Açmak için tıklayın,திறக்க கிளிக் செய்யவும்,클릭하여 열기,برای باز کردن کلیک کنید,คลิกเพื่อเปิด,Clicca per aprire,ખોલવા માટે ક્લિક કરો,"Kliknij, aby otworzyć","Натисніть, щоб відкрити",തുറക്കാൻ ക്ലിക്ക് ചെയ്യുക,ਖੋਲ੍ਹਣ ਲਈ ਕਲਿੱਕ ਕਰੋ,Faceți clic pentru a deschide,Klik om te openen,Danna don buɗewa,ဖွင့်ရန်နှိပ်ပါ။,Açmaq üçün klikləyin,ለመክፈት ጠቅ ያድርጉ,Chofoza ukuze uvule,ଖୋଲିବାକୁ କ୍ଲିକ୍ କରନ୍ତୁ |,לחץ כדי לפתוח,Klicka för att öppna,Kattintson a megnyitáshoz,Avaa napsauttamalla,Klikk for å åpne,Κάντε κλικ για άνοιγμα,Kliknutím otevřete,Klik for at åbne,Кликните да отворите,"Кликнете, за да отворите",Kliknutím otvoríte
Download,Tải xuống,下载,下載,डाउनलोड करना,Descargar,تحميل,Télécharger,ডাউনলোড করুন,Download,Скачать,Unduh,ڈاؤن لوڈ کریں۔,Herunterladen,ダウンロード,Gba lati ayelujara,डाउनलोड करा,Pakua,డౌన్‌లోడ్ చేయండి,İndirmek,பதிவிறக்கவும்,다운로드,دانلود کنید,ดาวน์โหลด,Scaricamento,ડાઉનલોડ કરો,Pobierać,Завантажити,ഡൗൺലോഡ് ചെയ്യുക,ਡਾਊਨਲੋਡ ਕਰੋ,Descărcați,Download,Zazzagewa,ဒေါင်းလုဒ်လုပ်ပါ။,Yüklə,አውርድ,Landa,ଡାଉନଲୋଡ୍ କରନ୍ତୁ |,הורד,Ladda ner,Letöltés,Lataa,Last ned,Λήψη,Stáhnout,Download,Преузми,Изтегляне,Stiahnuť
Commented,Đã bình luận,已评论,已評論,टिप्पणी की गई,Comentado,تم التعليق,Commenté,মন্তব্য করেছেন,Comentado,Прокомментировал,Berkomentar,تبصرہ کیا۔,Kommentiert,コメントした,Ọrọìwòye,टिप्पणी केली,Ametoa maoni,వ్యాఖ్యానించారు,Yorumlandı,கருத்து தெரிவித்துள்ளார்,댓글을 달았습니다,نظر داد,แสดงความคิดเห็น,Commentato,ટિપ્પણી કરી,Skomentowano,Прокоментував,അഭിപ്രായപ്പെട്ടു,ਟਿੱਪਣੀ ਕੀਤੀ,Comentat,Becommentarieerd,Yayi sharhi,မှတ်ချက်ပေးသည်။,Şərh edildi,አስተያየት ሰጥተዋል,Ubeke amazwana,ମନ୍ତବ୍ୟ,הגיב,Kommenterade,Hozzászólt,Kommentoi,Kommenterte,Σχολιάστηκε,Komentováno,Kommenterede,Коментарисано,Коментирано,Komentované
